{"status": {"code": 10000, "description": "Ok", "req_id": "941a370f56f04c1d9eb947f96104aec7"}, "outputs": [{"id": "ee1f329d54f14f9982eac8b15c252794", "status": {"code": 10000, "description": "Ok"}, "created_at": "2020-03-22T18:17:52.296821793Z", "model": {"id": "c0c0ac362b03416da06ab3fa36fb58e3", "name": "demographics", "created_at": "2016-12-23T06:08:44.271674Z", "app_id": "main", "output_info": {"message": "Show output_info with: GET /models/{model_id}/output_info", "type": "detect-concept", "type_ext": "detect-concept"}, "model_version": {"id": "f783f0807c52474c8c6ad20c8cf45fc0", "created_at": "2016-12-23T06:08:44.271674Z", "status": {"code": 21100, "description": "Model is trained and ready"}}, "display_name": "Demographics"}, "input": {"id": "e5af323ab0f94f41ad1209ea581172b9", "data": {"image": {"url": "https://samples.clarifai.com/placeholder.gif", "base64": "dHJ1ZQ=="}}}, "data": {"regions": [{"id": "taan7f84qyix", "region_info": {"bounding_box": {"top_row": 0.41155994, "left_col": 0.3541869, "bottom_row": 0.6096791, "right_col": 0.50268024}}, "data": {"concepts": [{"id": "ai_fFJR7TwD", "name": "24", "value": 0.45072198, "app_id": "main"}, {"id": "ai_1qNCjBCW", "name": "27", "value": 0.430192, "app_id": "main"}, {"id": "ai_1XrRmbf5", "name": "23", "value": 0.41796336, "app_id": "main"}, {"id": "ai_hCkCX508", "name": "26", "value": 0.40603337, "app_id": "main"}, {"id": "ai_81J6NJF3", "name": "25", "value": 0.4021176, "app_id": "main"}, {"id": "ai_J5NgRLQ1", "name": "28", "value": 0.39153785, "app_id": "main"}, {"id": "ai_pm9dFGXp", "name": "37", "value": 0.36857498, "app_id": "main"}, {"id": "ai_Jn5sPpjV", "name": "38", "value": 0.36493507, "app_id": "main"}, {"id": "ai_XCS0ZXlc", "name": "39", "value": 0.36260682, "app_id": "main"}, {"id": "ai_KFWpWmRk", "name": "36", "value": 0.36167702, "app_id": "main"}, {"id": "ai_f55t4M4T", "name": "22", "value": 0.3588708, "app_id": "main"}, {"id": "ai_t7C4Hfmm", "name": "29", "value": 0.3469465, "app_id": "main"}, {"id": "ai_3QlM0LQG", "name": "35", "value": 0.3112646, "app_id": "main"}, {"id": "ai_prhRGPd1", "name": "34", "value": 0.30235356, "app_id": "main"}, {"id": "ai_tzZdX8VP", "name": "30", "value": 0.29739738, "app_id": "main"}, {"id": "ai_7pxCXq0L", "name": "21", "value": 0.2956738, "app_id": "main"}, {"id": "ai_wpbCDvCQ", "name": "40", "value": 0.29138935, "app_id": "main"}, {"id": "ai_9SgNdvCZ", "name": "33", "value": 0.28893885, "app_id": "main"}, {"id": "ai_z2K094hx", "name": "31", "value": 0.25113058, "app_id": "main"}, {"id": "ai_J9NW4DbQ", "name": "20", "value": 0.24479556, "app_id": "main"}, {"id": "ai_zgR2BBt0", "name": "masculine", "value": 0.99851334, "app_id": "main"}, {"id": "ai_cVWr8NK5", "name": "feminine", "value": 0.0014866737, "app_id": "main"}, {"id": "ai_r5F00Gqn", "name": "white", "value": 0.38242933, "app_id": "main"}, {"id": "ai_659b6V0v", "name": "asian", "value": 0.22308642, "app_id": "main"}, {"id": "ai_l9ngrR28", "name": "hispanic, latino, or spanish origin", "value": 0.069957435, "app_id": "main"}, {"id": "ai_WWxnB3mw", "name": "american indian or alaska native", "value": 0.03928556, "app_id": "main"}, {"id": "ai_wScNwk9Z", "name": "black or african american", "value": 0.033663053, "app_id": "main"}, {"id": "ai_1qp01psl", "name": "native hawaiian or pacific islander", "value": 0.018832939, "app_id": "main"}, {"id": "ai_bZft5m0H", "name": "middle eastern or north african", "value": 0.010255405, "app_id": "main"}], "face": {"age_appearance": {"concepts": [{"id": "ai_fFJR7TwD", "name": "24", "value": 0.45072198, "app_id": "main"}, {"id": "ai_1qNCjBCW", "name": "27", "value": 0.430192, "app_id": "main"}, {"id": "ai_1XrRmbf5", "name": "23", "value": 0.41796336, "app_id": "main"}, {"id": "ai_hCkCX508", "name": "26", "value": 0.40603337, "app_id": "main"}, {"id": "ai_81J6NJF3", "name": "25", "value": 0.4021176, "app_id": "main"}, {"id": "ai_J5NgRLQ1", "name": "28", "value": 0.39153785, "app_id": "main"}, {"id": "ai_pm9dFGXp", "name": "37", "value": 0.36857498, "app_id": "main"}, {"id": "ai_Jn5sPpjV", "name": "38", "value": 0.36493507, "app_id": "main"}, {"id": "ai_XCS0ZXlc", "name": "39", "value": 0.36260682, "app_id": "main"}, {"id": "ai_KFWpWmRk", "name": "36", "value": 0.36167702, "app_id": "main"}, {"id": "ai_f55t4M4T", "name": "22", "value": 0.3588708, "app_id": "main"}, {"id": "ai_t7C4Hfmm", "name": "29", "value": 0.3469465, "app_id": "main"}, {"id": "ai_3QlM0LQG", "name": "35", "value": 0.3112646, "app_id": "main"}, {"id": "ai_prhRGPd1", "name": "34", "value": 0.30235356, "app_id": "main"}, {"id": "ai_tzZdX8VP", "name": "30", "value": 0.29739738, "app_id": "main"}, {"id": "ai_7pxCXq0L", "name": "21", "value": 0.2956738, "app_id": "main"}, {"id": "ai_wpbCDvCQ", "name": "40", "value": 0.29138935, "app_id": "main"}, {"id": "ai_9SgNdvCZ", "name": "33", "value": 0.28893885, "app_id": "main"}, {"id": "ai_z2K094hx", "name": "31", "value": 0.25113058, "app_id": "main"}, {"id": "ai_J9NW4DbQ", "name": "20", "value": 0.24479556, "app_id": "main"}]}, "gender_appearance": {"concepts": [{"id": "ai_zgR2BBt0", "name": "masculine", "value": 0.99851334, "app_id": "main"}, {"id": "ai_cVWr8NK5", "name": "feminine", "value": 0.0014866737, "app_id": "main"}]}, "multicultural_appearance": {"concepts": [{"id": "ai_r5F00Gqn", "name": "white", "value": 0.38242933, "app_id": "main"}, {"id": "ai_659b6V0v", "name": "asian", "value": 0.22308642, "app_id": "main"}, {"id": "ai_l9ngrR28", "name": "hispanic, latino, or spanish origin", "value": 0.069957435, "app_id": "main"}, {"id": "ai_WWxnB3mw", "name": "american indian or alaska native", "value": 0.03928556, "app_id": "main"}, {"id": "ai_wScNwk9Z", "name": "black or african american", "value": 0.033663053, "app_id": "main"}, {"id": "ai_1qp01psl", "name": "native hawaiian or pacific islander", "value": 0.018832939, "app_id": "main"}, {"id": "ai_bZft5m0H", "name": "middle eastern or north african", "value": 0.010255405, "app_id": "main"}]}}}}]}}]}